dice,iou,sensitivity,specificity,precision,hausdorff,patient_id
0.021209362894296646,0.010718345642089741,0.9999999999991102,0.0,0.010718345642089741,81.30805618141414,PatientID_0006
0.013975974172353745,0.007037162780761652,0.9999999999986449,0.0,0.007037162780761652,100.78194282707592,PatientID_0007
0.04164082929491997,0.021263122558593545,0.9999999999995515,0.0,0.021263122558593545,87.92041856133307,PatientID_0003
