epoch,train_loss,val_loss
1,0.42898781368365657,20.0987286567688
