epoch,train_loss,val_loss
1,0.9689623071597173,0.9799203723669052
2,0.9388345846763024,0.9702744632959366
3,0.9210065465707046,0.9598559886217117
4,0.9128641669566815,0.9422054290771484
5,0.9078423197452838,0.9216422438621521
